<?xml version="1.0" encoding="UTF-8"?>
<!DOCTYPE topology SYSTEM "hwloc.dtd">
<topology>
  <object type="Machine" os_index="0" cpuset="0xffffffff" complete_cpuset="0xffffffff" online_cpuset="0xffffffff" allowed_cpuset="0xffffffff" nodeset="0x00000003" complete_nodeset="0x00000003" allowed_nodeset="0x00000003">
    <page_type size="4096" count="0"/>
    <page_type size="2097152" count="0"/>
    <page_type size="1073741824" count="0"/>
    <info name="DMIProductName" value="PowerEdge R630"/>
    <info name="DMIProductVersion" value=""/>
    <info name="DMIProductSerial" value="63RGG42"/>
    <info name="DMIProductUUID" value="4C4C4544-0033-5210-8047-B6C04F473432"/>
    <info name="DMIBoardVendor" value="Dell Inc."/>
    <info name="DMIBoardName" value="0CNCJW"/>
    <info name="DMIBoardVersion" value="A05"/>
    <info name="DMIBoardSerial" value=".63RGG42.CN747514CL0199."/>
    <info name="DMIBoardAssetTag" value=""/>
    <info name="DMIChassisVendor" value="Dell Inc."/>
    <info name="DMIChassisType" value="23"/>
    <info name="DMIChassisVersion" value=""/>
    <info name="DMIChassisSerial" value="63RGG42"/>
    <info name="DMIChassisAssetTag" value=""/>
    <info name="DMIBIOSVendor" value="Dell Inc."/>
    <info name="DMIBIOSVersion" value="2.2.5"/>
    <info name="DMIBIOSDate" value="09/06/2016"/>
    <info name="DMISysVendor" value="Dell Inc."/>
    <info name="Backend" value="Linux"/>
    <info name="LinuxCgroup" value="/"/>
    <info name="OSName" value="Linux"/>
    <info name="OSRelease" value="4.9.0-6-amd64"/>
    <info name="OSVersion" value="#1 SMP Debian 4.9.88-1+deb9u1 (2018-05-07)"/>
    <info name="HostName" value="paravance-15.rennes.grid5000.fr"/>
    <info name="Architecture" value="x86_64"/>
    <info name="hwlocVersion" value="1.11.5"/>
    <info name="ProcessName" value="lstopo"/>
    <distances nbobjs="2" relative_depth="1" latency_base="10.000000">
      <latency value="1.000000"/>
      <latency value="2.100000"/>
      <latency value="2.100000"/>
      <latency value="1.000000"/>
    </distances>
    <object type="NUMANode" os_index="0" cpuset="0x55555555" complete_cpuset="0x55555555" online_cpuset="0x55555555" allowed_cpuset="0x55555555" nodeset="0x00000001" complete_nodeset="0x00000001" allowed_nodeset="0x00000001" local_memory="67343683584">
      <page_type size="4096" count="16441329"/>
      <page_type size="2097152" count="0"/>
      <page_type size="1073741824" count="0"/>
      <object type="Package" os_index="0" cpuset="0x55555555" complete_cpuset="0x55555555" online_cpuset="0x55555555" allowed_cpuset="0x55555555" nodeset="0x00000001" complete_nodeset="0x00000001" allowed_nodeset="0x00000001">
        <info name="CPUVendor" value="GenuineIntel"/>
        <info name="CPUFamilyNumber" value="6"/>
        <info name="CPUModelNumber" value="63"/>
        <info name="CPUModel" value="Intel(R) Xeon(R) CPU E5-2630 v3 @ 2.40GHz"/>
        <info name="CPUStepping" value="2"/>
        <object type="Cache" cpuset="0x55555555" complete_cpuset="0x55555555" online_cpuset="0x55555555" allowed_cpuset="0x55555555" nodeset="0x00000001" complete_nodeset="0x00000001" allowed_nodeset="0x00000001" cache_size="20971520" depth="3" cache_linesize="64" cache_associativity="20" cache_type="0">
          <info name="Inclusive" value="1"/>
          <object type="Cache" cpuset="0x00010001" complete_cpuset="0x00010001" online_cpuset="0x00010001" allowed_cpuset="0x00010001" nodeset="0x00000001" complete_nodeset="0x00000001" allowed_nodeset="0x00000001" cache_size="262144" depth="2" cache_linesize="64" cache_associativity="8" cache_type="0">
            <info name="Inclusive" value="0"/>
            <object type="Cache" cpuset="0x00010001" complete_cpuset="0x00010001" online_cpuset="0x00010001" allowed_cpuset="0x00010001" nodeset="0x00000001" complete_nodeset="0x00000001" allowed_nodeset="0x00000001" cache_size="32768" depth="1" cache_linesize="64" cache_associativity="8" cache_type="1">
              <info name="Inclusive" value="0"/>
              <object type="Cache" cpuset="0x00010001" complete_cpuset="0x00010001" online_cpuset="0x00010001" allowed_cpuset="0x00010001" nodeset="0x00000001" complete_nodeset="0x00000001" allowed_nodeset="0x00000001" cache_size="32768" depth="1" cache_linesize="64" cache_associativity="8" cache_type="2">
                <info name="Inclusive" value="0"/>
                <object type="Core" os_index="0" cpuset="0x00010001" complete_cpuset="0x00010001" online_cpuset="0x00010001" allowed_cpuset="0x00010001" nodeset="0x00000001" complete_nodeset="0x00000001" allowed_nodeset="0x00000001">
                  <object type="PU" os_index="0" cpuset="0x00000001" complete_cpuset="0x00000001" online_cpuset="0x00000001" allowed_cpuset="0x00000001" nodeset="0x00000001" complete_nodeset="0x00000001" allowed_nodeset="0x00000001"/>
                  <object type="PU" os_index="16" cpuset="0x00010000" complete_cpuset="0x00010000" online_cpuset="0x00010000" allowed_cpuset="0x00010000" nodeset="0x00000001" complete_nodeset="0x00000001" allowed_nodeset="0x00000001"/>
                </object>
              </object>
            </object>
          </object>
          <object type="Cache" cpuset="0x00040004" complete_cpuset="0x00040004" online_cpuset="0x00040004" allowed_cpuset="0x00040004" nodeset="0x00000001" complete_nodeset="0x00000001" allowed_nodeset="0x00000001" cache_size="262144" depth="2" cache_linesize="64" cache_associativity="8" cache_type="0">
            <info name="Inclusive" value="0"/>
            <object type="Cache" cpuset="0x00040004" complete_cpuset="0x00040004" online_cpuset="0x00040004" allowed_cpuset="0x00040004" nodeset="0x00000001" complete_nodeset="0x00000001" allowed_nodeset="0x00000001" cache_size="32768" depth="1" cache_linesize="64" cache_associativity="8" cache_type="1">
              <info name="Inclusive" value="0"/>
              <object type="Cache" cpuset="0x00040004" complete_cpuset="0x00040004" online_cpuset="0x00040004" allowed_cpuset="0x00040004" nodeset="0x00000001" complete_nodeset="0x00000001" allowed_nodeset="0x00000001" cache_size="32768" depth="1" cache_linesize="64" cache_associativity="8" cache_type="2">
                <info name="Inclusive" value="0"/>
                <object type="Core" os_index="1" cpuset="0x00040004" complete_cpuset="0x00040004" online_cpuset="0x00040004" allowed_cpuset="0x00040004" nodeset="0x00000001" complete_nodeset="0x00000001" allowed_nodeset="0x00000001">
                  <object type="PU" os_index="2" cpuset="0x00000004" complete_cpuset="0x00000004" online_cpuset="0x00000004" allowed_cpuset="0x00000004" nodeset="0x00000001" complete_nodeset="0x00000001" allowed_nodeset="0x00000001"/>
                  <object type="PU" os_index="18" cpuset="0x00040000" complete_cpuset="0x00040000" online_cpuset="0x00040000" allowed_cpuset="0x00040000" nodeset="0x00000001" complete_nodeset="0x00000001" allowed_nodeset="0x00000001"/>
                </object>
              </object>
            </object>
          </object>
          <object type="Cache" cpuset="0x00100010" complete_cpuset="0x00100010" online_cpuset="0x00100010" allowed_cpuset="0x00100010" nodeset="0x00000001" complete_nodeset="0x00000001" allowed_nodeset="0x00000001" cache_size="262144" depth="2" cache_linesize="64" cache_associativity="8" cache_type="0">
            <info name="Inclusive" value="0"/>
            <object type="Cache" cpuset="0x00100010" complete_cpuset="0x00100010" online_cpuset="0x00100010" allowed_cpuset="0x00100010" nodeset="0x00000001" complete_nodeset="0x00000001" allowed_nodeset="0x00000001" cache_size="32768" depth="1" cache_linesize="64" cache_associativity="8" cache_type="1">
              <info name="Inclusive" value="0"/>
              <object type="Cache" cpuset="0x00100010" complete_cpuset="0x00100010" online_cpuset="0x00100010" allowed_cpuset="0x00100010" nodeset="0x00000001" complete_nodeset="0x00000001" allowed_nodeset="0x00000001" cache_size="32768" depth="1" cache_linesize="64" cache_associativity="8" cache_type="2">
                <info name="Inclusive" value="0"/>
                <object type="Core" os_index="2" cpuset="0x00100010" complete_cpuset="0x00100010" online_cpuset="0x00100010" allowed_cpuset="0x00100010" nodeset="0x00000001" complete_nodeset="0x00000001" allowed_nodeset="0x00000001">
                  <object type="PU" os_index="4" cpuset="0x00000010" complete_cpuset="0x00000010" online_cpuset="0x00000010" allowed_cpuset="0x00000010" nodeset="0x00000001" complete_nodeset="0x00000001" allowed_nodeset="0x00000001"/>
                  <object type="PU" os_index="20" cpuset="0x00100000" complete_cpuset="0x00100000" online_cpuset="0x00100000" allowed_cpuset="0x00100000" nodeset="0x00000001" complete_nodeset="0x00000001" allowed_nodeset="0x00000001"/>
                </object>
              </object>
            </object>
          </object>
          <object type="Cache" cpuset="0x00400040" complete_cpuset="0x00400040" online_cpuset="0x00400040" allowed_cpuset="0x00400040" nodeset="0x00000001" complete_nodeset="0x00000001" allowed_nodeset="0x00000001" cache_size="262144" depth="2" cache_linesize="64" cache_associativity="8" cache_type="0">
            <info name="Inclusive" value="0"/>
            <object type="Cache" cpuset="0x00400040" complete_cpuset="0x00400040" online_cpuset="0x00400040" allowed_cpuset="0x00400040" nodeset="0x00000001" complete_nodeset="0x00000001" allowed_nodeset="0x00000001" cache_size="32768" depth="1" cache_linesize="64" cache_associativity="8" cache_type="1">
              <info name="Inclusive" value="0"/>
              <object type="Cache" cpuset="0x00400040" complete_cpuset="0x00400040" online_cpuset="0x00400040" allowed_cpuset="0x00400040" nodeset="0x00000001" complete_nodeset="0x00000001" allowed_nodeset="0x00000001" cache_size="32768" depth="1" cache_linesize="64" cache_associativity="8" cache_type="2">
                <info name="Inclusive" value="0"/>
                <object type="Core" os_index="3" cpuset="0x00400040" complete_cpuset="0x00400040" online_cpuset="0x00400040" allowed_cpuset="0x00400040" nodeset="0x00000001" complete_nodeset="0x00000001" allowed_nodeset="0x00000001">
                  <object type="PU" os_index="6" cpuset="0x00000040" complete_cpuset="0x00000040" online_cpuset="0x00000040" allowed_cpuset="0x00000040" nodeset="0x00000001" complete_nodeset="0x00000001" allowed_nodeset="0x00000001"/>
                  <object type="PU" os_index="22" cpuset="0x00400000" complete_cpuset="0x00400000" online_cpuset="0x00400000" allowed_cpuset="0x00400000" nodeset="0x00000001" complete_nodeset="0x00000001" allowed_nodeset="0x00000001"/>
                </object>
              </object>
            </object>
          </object>
          <object type="Cache" cpuset="0x01000100" complete_cpuset="0x01000100" online_cpuset="0x01000100" allowed_cpuset="0x01000100" nodeset="0x00000001" complete_nodeset="0x00000001" allowed_nodeset="0x00000001" cache_size="262144" depth="2" cache_linesize="64" cache_associativity="8" cache_type="0">
            <info name="Inclusive" value="0"/>
            <object type="Cache" cpuset="0x01000100" complete_cpuset="0x01000100" online_cpuset="0x01000100" allowed_cpuset="0x01000100" nodeset="0x00000001" complete_nodeset="0x00000001" allowed_nodeset="0x00000001" cache_size="32768" depth="1" cache_linesize="64" cache_associativity="8" cache_type="1">
              <info name="Inclusive" value="0"/>
              <object type="Cache" cpuset="0x01000100" complete_cpuset="0x01000100" online_cpuset="0x01000100" allowed_cpuset="0x01000100" nodeset="0x00000001" complete_nodeset="0x00000001" allowed_nodeset="0x00000001" cache_size="32768" depth="1" cache_linesize="64" cache_associativity="8" cache_type="2">
                <info name="Inclusive" value="0"/>
                <object type="Core" os_index="4" cpuset="0x01000100" complete_cpuset="0x01000100" online_cpuset="0x01000100" allowed_cpuset="0x01000100" nodeset="0x00000001" complete_nodeset="0x00000001" allowed_nodeset="0x00000001">
                  <object type="PU" os_index="8" cpuset="0x00000100" complete_cpuset="0x00000100" online_cpuset="0x00000100" allowed_cpuset="0x00000100" nodeset="0x00000001" complete_nodeset="0x00000001" allowed_nodeset="0x00000001"/>
                  <object type="PU" os_index="24" cpuset="0x01000000" complete_cpuset="0x01000000" online_cpuset="0x01000000" allowed_cpuset="0x01000000" nodeset="0x00000001" complete_nodeset="0x00000001" allowed_nodeset="0x00000001"/>
                </object>
              </object>
            </object>
          </object>
          <object type="Cache" cpuset="0x04000400" complete_cpuset="0x04000400" online_cpuset="0x04000400" allowed_cpuset="0x04000400" nodeset="0x00000001" complete_nodeset="0x00000001" allowed_nodeset="0x00000001" cache_size="262144" depth="2" cache_linesize="64" cache_associativity="8" cache_type="0">
            <info name="Inclusive" value="0"/>
            <object type="Cache" cpuset="0x04000400" complete_cpuset="0x04000400" online_cpuset="0x04000400" allowed_cpuset="0x04000400" nodeset="0x00000001" complete_nodeset="0x00000001" allowed_nodeset="0x00000001" cache_size="32768" depth="1" cache_linesize="64" cache_associativity="8" cache_type="1">
              <info name="Inclusive" value="0"/>
              <object type="Cache" cpuset="0x04000400" complete_cpuset="0x04000400" online_cpuset="0x04000400" allowed_cpuset="0x04000400" nodeset="0x00000001" complete_nodeset="0x00000001" allowed_nodeset="0x00000001" cache_size="32768" depth="1" cache_linesize="64" cache_associativity="8" cache_type="2">
                <info name="Inclusive" value="0"/>
                <object type="Core" os_index="5" cpuset="0x04000400" complete_cpuset="0x04000400" online_cpuset="0x04000400" allowed_cpuset="0x04000400" nodeset="0x00000001" complete_nodeset="0x00000001" allowed_nodeset="0x00000001">
                  <object type="PU" os_index="10" cpuset="0x00000400" complete_cpuset="0x00000400" online_cpuset="0x00000400" allowed_cpuset="0x00000400" nodeset="0x00000001" complete_nodeset="0x00000001" allowed_nodeset="0x00000001"/>
                  <object type="PU" os_index="26" cpuset="0x04000000" complete_cpuset="0x04000000" online_cpuset="0x04000000" allowed_cpuset="0x04000000" nodeset="0x00000001" complete_nodeset="0x00000001" allowed_nodeset="0x00000001"/>
                </object>
              </object>
            </object>
          </object>
          <object type="Cache" cpuset="0x10001000" complete_cpuset="0x10001000" online_cpuset="0x10001000" allowed_cpuset="0x10001000" nodeset="0x00000001" complete_nodeset="0x00000001" allowed_nodeset="0x00000001" cache_size="262144" depth="2" cache_linesize="64" cache_associativity="8" cache_type="0">
            <info name="Inclusive" value="0"/>
            <object type="Cache" cpuset="0x10001000" complete_cpuset="0x10001000" online_cpuset="0x10001000" allowed_cpuset="0x10001000" nodeset="0x00000001" complete_nodeset="0x00000001" allowed_nodeset="0x00000001" cache_size="32768" depth="1" cache_linesize="64" cache_associativity="8" cache_type="1">
              <info name="Inclusive" value="0"/>
              <object type="Cache" cpuset="0x10001000" complete_cpuset="0x10001000" online_cpuset="0x10001000" allowed_cpuset="0x10001000" nodeset="0x00000001" complete_nodeset="0x00000001" allowed_nodeset="0x00000001" cache_size="32768" depth="1" cache_linesize="64" cache_associativity="8" cache_type="2">
                <info name="Inclusive" value="0"/>
                <object type="Core" os_index="6" cpuset="0x10001000" complete_cpuset="0x10001000" online_cpuset="0x10001000" allowed_cpuset="0x10001000" nodeset="0x00000001" complete_nodeset="0x00000001" allowed_nodeset="0x00000001">
                  <object type="PU" os_index="12" cpuset="0x00001000" complete_cpuset="0x00001000" online_cpuset="0x00001000" allowed_cpuset="0x00001000" nodeset="0x00000001" complete_nodeset="0x00000001" allowed_nodeset="0x00000001"/>
                  <object type="PU" os_index="28" cpuset="0x10000000" complete_cpuset="0x10000000" online_cpuset="0x10000000" allowed_cpuset="0x10000000" nodeset="0x00000001" complete_nodeset="0x00000001" allowed_nodeset="0x00000001"/>
                </object>
              </object>
            </object>
          </object>
          <object type="Cache" cpuset="0x40004000" complete_cpuset="0x40004000" online_cpuset="0x40004000" allowed_cpuset="0x40004000" nodeset="0x00000001" complete_nodeset="0x00000001" allowed_nodeset="0x00000001" cache_size="262144" depth="2" cache_linesize="64" cache_associativity="8" cache_type="0">
            <info name="Inclusive" value="0"/>
            <object type="Cache" cpuset="0x40004000" complete_cpuset="0x40004000" online_cpuset="0x40004000" allowed_cpuset="0x40004000" nodeset="0x00000001" complete_nodeset="0x00000001" allowed_nodeset="0x00000001" cache_size="32768" depth="1" cache_linesize="64" cache_associativity="8" cache_type="1">
              <info name="Inclusive" value="0"/>
              <object type="Cache" cpuset="0x40004000" complete_cpuset="0x40004000" online_cpuset="0x40004000" allowed_cpuset="0x40004000" nodeset="0x00000001" complete_nodeset="0x00000001" allowed_nodeset="0x00000001" cache_size="32768" depth="1" cache_linesize="64" cache_associativity="8" cache_type="2">
                <info name="Inclusive" value="0"/>
                <object type="Core" os_index="7" cpuset="0x40004000" complete_cpuset="0x40004000" online_cpuset="0x40004000" allowed_cpuset="0x40004000" nodeset="0x00000001" complete_nodeset="0x00000001" allowed_nodeset="0x00000001">
                  <object type="PU" os_index="14" cpuset="0x00004000" complete_cpuset="0x00004000" online_cpuset="0x00004000" allowed_cpuset="0x00004000" nodeset="0x00000001" complete_nodeset="0x00000001" allowed_nodeset="0x00000001"/>
                  <object type="PU" os_index="30" cpuset="0x40000000" complete_cpuset="0x40000000" online_cpuset="0x40000000" allowed_cpuset="0x40000000" nodeset="0x00000001" complete_nodeset="0x00000001" allowed_nodeset="0x00000001"/>
                </object>
              </object>
            </object>
          </object>
        </object>
      </object>
      <object type="Bridge" os_index="0" bridge_type="0-1" depth="0" bridge_pci="0000:[00-0b]">
        <object type="Bridge" os_index="16" name="Intel Corporation Xeon E7 v3/Xeon E5 v3/Core i7 PCI Express Root Port 1" bridge_type="1-1" depth="1" bridge_pci="0000:[02-02]" pci_busid="0000:00:01.0" pci_type="0604 [8086:2f02] [0000:0000] 02" pci_link_speed="7.876923">
          <info name="PCIVendor" value="Intel Corporation"/>
          <info name="PCIDevice" value="Xeon E7 v3/Xeon E5 v3/Core i7 PCI Express Root Port 1"/>
          <object type="PCIDev" os_index="8192" name="LSI Logic / Symbios Logic MegaRAID SAS-3 3008 [Fury]" pci_busid="0000:02:00.0" pci_type="0104 [1000:005f] [1028:1f4b] 02" pci_link_speed="7.876923">
            <info name="PCIVendor" value="LSI Logic / Symbios Logic"/>
            <info name="PCIDevice" value="MegaRAID SAS-3 3008 [Fury]"/>
            <object type="OSDev" name="sdb" osdev_type="0">
              <info name="LinuxDeviceID" value="8:16"/>
              <info name="Vendor" value="SEAGATE"/>
              <info name="Model" value="ST600MM0006"/>
              <info name="Revision" value="LS0A"/>
              <info name="SerialNumber" value="5000c50062eb47c3"/>
              <info name="Type" value="Disk"/>
            </object>
            <object type="OSDev" name="sda" osdev_type="0">
              <info name="LinuxDeviceID" value="8:0"/>
              <info name="Vendor" value="SEAGATE"/>
              <info name="Model" value="ST600MM0006"/>
              <info name="Revision" value="LS0A"/>
              <info name="SerialNumber" value="5000c50062eb8583"/>
              <info name="Type" value="Disk"/>
            </object>
          </object>
        </object>
        <object type="Bridge" os_index="48" name="Intel Corporation Xeon E7 v3/Xeon E5 v3/Core i7 PCI Express Root Port 3" bridge_type="1-1" depth="1" bridge_pci="0000:[01-01]" pci_busid="0000:00:03.0" pci_type="0604 [8086:2f08] [0000:0000] 02" pci_link_speed="4.000000">
          <info name="PCIVendor" value="Intel Corporation"/>
          <info name="PCIDevice" value="Xeon E7 v3/Xeon E5 v3/Core i7 PCI Express Root Port 3"/>
          <object type="PCIDev" os_index="4096" name="Intel Corporation 82599ES 10-Gigabit SFI/SFP+ Network Connection" pci_busid="0000:01:00.0" pci_type="0200 [8086:10fb] [1028:1f72] 01" pci_link_speed="4.000000">
            <info name="PCIVendor" value="Intel Corporation"/>
            <info name="PCIDevice" value="82599ES 10-Gigabit SFI/SFP+ Network Connection"/>
            <object type="OSDev" name="eno1" osdev_type="2">
              <info name="Address" value="ec:f4:bb:d0:fe:90"/>
            </object>
          </object>
          <object type="PCIDev" os_index="4097" name="Intel Corporation 82599ES 10-Gigabit SFI/SFP+ Network Connection" pci_busid="0000:01:00.1" pci_type="0200 [8086:10fb] [1028:1f72] 01" pci_link_speed="4.000000">
            <info name="PCIVendor" value="Intel Corporation"/>
            <info name="PCIDevice" value="82599ES 10-Gigabit SFI/SFP+ Network Connection"/>
            <object type="OSDev" name="eno2" osdev_type="2">
              <info name="Address" value="ec:f4:bb:d0:fe:92"/>
            </object>
          </object>
        </object>
        <object type="PCIDev" os_index="276" name="Intel Corporation C610/X99 series chipset sSATA Controller [AHCI mode]" pci_busid="0000:00:11.4" pci_type="0106 [8086:8d62] [1028:0601] 05" pci_link_speed="0.000000">
          <info name="PCIVendor" value="Intel Corporation"/>
          <info name="PCIDevice" value="C610/X99 series chipset sSATA Controller [AHCI mode]"/>
        </object>
        <object type="Bridge" os_index="452" name="Intel Corporation C610/X99 series chipset PCI Express Root Port #5" bridge_type="1-1" depth="1" bridge_pci="0000:[06-06]" pci_busid="0000:00:1c.4" pci_type="0604 [8086:8d18] [0000:0000] d5" pci_link_speed="1.000000">
          <info name="PCIVendor" value="Intel Corporation"/>
          <info name="PCIDevice" value="C610/X99 series chipset PCI Express Root Port #5"/>
          <object type="PCIDev" os_index="24576" name="Intel Corporation I350 Gigabit Network Connection" pci_busid="0000:06:00.0" pci_type="0200 [8086:1521] [1028:1f73] 01" pci_link_speed="1.000000">
            <info name="PCIVendor" value="Intel Corporation"/>
            <info name="PCIDevice" value="I350 Gigabit Network Connection"/>
            <object type="OSDev" name="eno3" osdev_type="2">
              <info name="Address" value="ec:f4:bb:d0:fe:94"/>
            </object>
          </object>
          <object type="PCIDev" os_index="24577" name="Intel Corporation I350 Gigabit Network Connection" pci_busid="0000:06:00.1" pci_type="0200 [8086:1521] [1028:1f73] 01" pci_link_speed="1.000000">
            <info name="PCIVendor" value="Intel Corporation"/>
            <info name="PCIDevice" value="I350 Gigabit Network Connection"/>
            <object type="OSDev" name="eno4" osdev_type="2">
              <info name="Address" value="ec:f4:bb:d0:fe:95"/>
            </object>
          </object>
        </object>
        <object type="Bridge" os_index="455" name="Intel Corporation C610/X99 series chipset PCI Express Root Port #8" bridge_type="1-1" depth="1" bridge_pci="0000:[07-0b]" pci_busid="0000:00:1c.7" pci_type="0604 [8086:8d1e] [0000:0000] d5" pci_link_speed="0.250000">
          <info name="PCIVendor" value="Intel Corporation"/>
          <info name="PCIDevice" value="C610/X99 series chipset PCI Express Root Port #8"/>
          <object type="Bridge" os_index="28672" name="Renesas Technology Corp. SH7758 PCIe Switch [PS]" bridge_type="1-1" depth="2" bridge_pci="0000:[08-0b]" pci_busid="0000:07:00.0" pci_type="0604 [1912:001d] [0000:0000] 00" pci_link_speed="0.250000">
            <info name="PCIVendor" value="Renesas Technology Corp."/>
            <info name="PCIDevice" value="SH7758 PCIe Switch [PS]"/>
            <object type="Bridge" os_index="32768" name="Renesas Technology Corp. SH7758 PCIe Switch [PS]" bridge_type="1-1" depth="3" bridge_pci="0000:[09-0a]" pci_busid="0000:08:00.0" pci_type="0604 [1912:001d] [0000:0000] 00" pci_link_speed="0.250000">
              <info name="PCIVendor" value="Renesas Technology Corp."/>
              <info name="PCIDevice" value="SH7758 PCIe Switch [PS]"/>
              <object type="Bridge" os_index="36864" name="Renesas Technology Corp. SH7758 PCIe-PCI Bridge [PPB]" bridge_type="1-1" depth="4" bridge_pci="0000:[0a-0a]" pci_busid="0000:09:00.0" pci_type="0604 [1912:001a] [0000:0000] 00" pci_link_speed="0.250000">
                <info name="PCIVendor" value="Renesas Technology Corp."/>
                <info name="PCIDevice" value="SH7758 PCIe-PCI Bridge [PPB]"/>
                <object type="PCIDev" os_index="40960" name="Matrox Electronics Systems Ltd. G200eR2" pci_busid="0000:0a:00.0" pci_type="0300 [102b:0534] [1028:0601] 01" pci_link_speed="0.000000">
                  <info name="PCIVendor" value="Matrox Electronics Systems Ltd."/>
                  <info name="PCIDevice" value="G200eR2"/>
                  <object type="OSDev" name="card0" osdev_type="1"/>
                  <object type="OSDev" name="controlD64" osdev_type="1"/>
                </object>
              </object>
            </object>
          </object>
        </object>
        <object type="PCIDev" os_index="498" name="Intel Corporation C610/X99 series chipset 6-Port SATA Controller [AHCI mode]" pci_busid="0000:00:1f.2" pci_type="0106 [8086:8d02] [1028:0601] 05" pci_link_speed="0.000000">
          <info name="PCIVendor" value="Intel Corporation"/>
          <info name="PCIDevice" value="C610/X99 series chipset 6-Port SATA Controller [AHCI mode]"/>
        </object>
      </object>
    </object>
    <object type="NUMANode" os_index="1" cpuset="0xaaaaaaaa" complete_cpuset="0xaaaaaaaa" online_cpuset="0xaaaaaaaa" allowed_cpuset="0xaaaaaaaa" nodeset="0x00000002" complete_nodeset="0x00000002" allowed_nodeset="0x00000002" local_memory="67631382528">
      <page_type size="4096" count="16511568"/>
      <page_type size="2097152" count="0"/>
      <page_type size="1073741824" count="0"/>
      <object type="Package" os_index="1" cpuset="0xaaaaaaaa" complete_cpuset="0xaaaaaaaa" online_cpuset="0xaaaaaaaa" allowed_cpuset="0xaaaaaaaa" nodeset="0x00000002" complete_nodeset="0x00000002" allowed_nodeset="0x00000002">
        <info name="CPUVendor" value="GenuineIntel"/>
        <info name="CPUFamilyNumber" value="6"/>
        <info name="CPUModelNumber" value="63"/>
        <info name="CPUModel" value="Intel(R) Xeon(R) CPU E5-2630 v3 @ 2.40GHz"/>
        <info name="CPUStepping" value="2"/>
        <object type="Cache" cpuset="0xaaaaaaaa" complete_cpuset="0xaaaaaaaa" online_cpuset="0xaaaaaaaa" allowed_cpuset="0xaaaaaaaa" nodeset="0x00000002" complete_nodeset="0x00000002" allowed_nodeset="0x00000002" cache_size="20971520" depth="3" cache_linesize="64" cache_associativity="20" cache_type="0">
          <info name="Inclusive" value="1"/>
          <object type="Cache" cpuset="0x00020002" complete_cpuset="0x00020002" online_cpuset="0x00020002" allowed_cpuset="0x00020002" nodeset="0x00000002" complete_nodeset="0x00000002" allowed_nodeset="0x00000002" cache_size="262144" depth="2" cache_linesize="64" cache_associativity="8" cache_type="0">
            <info name="Inclusive" value="0"/>
            <object type="Cache" cpuset="0x00020002" complete_cpuset="0x00020002" online_cpuset="0x00020002" allowed_cpuset="0x00020002" nodeset="0x00000002" complete_nodeset="0x00000002" allowed_nodeset="0x00000002" cache_size="32768" depth="1" cache_linesize="64" cache_associativity="8" cache_type="1">
              <info name="Inclusive" value="0"/>
              <object type="Cache" cpuset="0x00020002" complete_cpuset="0x00020002" online_cpuset="0x00020002" allowed_cpuset="0x00020002" nodeset="0x00000002" complete_nodeset="0x00000002" allowed_nodeset="0x00000002" cache_size="32768" depth="1" cache_linesize="64" cache_associativity="8" cache_type="2">
                <info name="Inclusive" value="0"/>
                <object type="Core" os_index="0" cpuset="0x00020002" complete_cpuset="0x00020002" online_cpuset="0x00020002" allowed_cpuset="0x00020002" nodeset="0x00000002" complete_nodeset="0x00000002" allowed_nodeset="0x00000002">
                  <object type="PU" os_index="1" cpuset="0x00000002" complete_cpuset="0x00000002" online_cpuset="0x00000002" allowed_cpuset="0x00000002" nodeset="0x00000002" complete_nodeset="0x00000002" allowed_nodeset="0x00000002"/>
                  <object type="PU" os_index="17" cpuset="0x00020000" complete_cpuset="0x00020000" online_cpuset="0x00020000" allowed_cpuset="0x00020000" nodeset="0x00000002" complete_nodeset="0x00000002" allowed_nodeset="0x00000002"/>
                </object>
              </object>
            </object>
          </object>
          <object type="Cache" cpuset="0x00080008" complete_cpuset="0x00080008" online_cpuset="0x00080008" allowed_cpuset="0x00080008" nodeset="0x00000002" complete_nodeset="0x00000002" allowed_nodeset="0x00000002" cache_size="262144" depth="2" cache_linesize="64" cache_associativity="8" cache_type="0">
            <info name="Inclusive" value="0"/>
            <object type="Cache" cpuset="0x00080008" complete_cpuset="0x00080008" online_cpuset="0x00080008" allowed_cpuset="0x00080008" nodeset="0x00000002" complete_nodeset="0x00000002" allowed_nodeset="0x00000002" cache_size="32768" depth="1" cache_linesize="64" cache_associativity="8" cache_type="1">
              <info name="Inclusive" value="0"/>
              <object type="Cache" cpuset="0x00080008" complete_cpuset="0x00080008" online_cpuset="0x00080008" allowed_cpuset="0x00080008" nodeset="0x00000002" complete_nodeset="0x00000002" allowed_nodeset="0x00000002" cache_size="32768" depth="1" cache_linesize="64" cache_associativity="8" cache_type="2">
                <info name="Inclusive" value="0"/>
                <object type="Core" os_index="1" cpuset="0x00080008" complete_cpuset="0x00080008" online_cpuset="0x00080008" allowed_cpuset="0x00080008" nodeset="0x00000002" complete_nodeset="0x00000002" allowed_nodeset="0x00000002">
                  <object type="PU" os_index="3" cpuset="0x00000008" complete_cpuset="0x00000008" online_cpuset="0x00000008" allowed_cpuset="0x00000008" nodeset="0x00000002" complete_nodeset="0x00000002" allowed_nodeset="0x00000002"/>
                  <object type="PU" os_index="19" cpuset="0x00080000" complete_cpuset="0x00080000" online_cpuset="0x00080000" allowed_cpuset="0x00080000" nodeset="0x00000002" complete_nodeset="0x00000002" allowed_nodeset="0x00000002"/>
                </object>
              </object>
            </object>
          </object>
          <object type="Cache" cpuset="0x00200020" complete_cpuset="0x00200020" online_cpuset="0x00200020" allowed_cpuset="0x00200020" nodeset="0x00000002" complete_nodeset="0x00000002" allowed_nodeset="0x00000002" cache_size="262144" depth="2" cache_linesize="64" cache_associativity="8" cache_type="0">
            <info name="Inclusive" value="0"/>
            <object type="Cache" cpuset="0x00200020" complete_cpuset="0x00200020" online_cpuset="0x00200020" allowed_cpuset="0x00200020" nodeset="0x00000002" complete_nodeset="0x00000002" allowed_nodeset="0x00000002" cache_size="32768" depth="1" cache_linesize="64" cache_associativity="8" cache_type="1">
              <info name="Inclusive" value="0"/>
              <object type="Cache" cpuset="0x00200020" complete_cpuset="0x00200020" online_cpuset="0x00200020" allowed_cpuset="0x00200020" nodeset="0x00000002" complete_nodeset="0x00000002" allowed_nodeset="0x00000002" cache_size="32768" depth="1" cache_linesize="64" cache_associativity="8" cache_type="2">
                <info name="Inclusive" value="0"/>
                <object type="Core" os_index="2" cpuset="0x00200020" complete_cpuset="0x00200020" online_cpuset="0x00200020" allowed_cpuset="0x00200020" nodeset="0x00000002" complete_nodeset="0x00000002" allowed_nodeset="0x00000002">
                  <object type="PU" os_index="5" cpuset="0x00000020" complete_cpuset="0x00000020" online_cpuset="0x00000020" allowed_cpuset="0x00000020" nodeset="0x00000002" complete_nodeset="0x00000002" allowed_nodeset="0x00000002"/>
                  <object type="PU" os_index="21" cpuset="0x00200000" complete_cpuset="0x00200000" online_cpuset="0x00200000" allowed_cpuset="0x00200000" nodeset="0x00000002" complete_nodeset="0x00000002" allowed_nodeset="0x00000002"/>
                </object>
              </object>
            </object>
          </object>
          <object type="Cache" cpuset="0x00800080" complete_cpuset="0x00800080" online_cpuset="0x00800080" allowed_cpuset="0x00800080" nodeset="0x00000002" complete_nodeset="0x00000002" allowed_nodeset="0x00000002" cache_size="262144" depth="2" cache_linesize="64" cache_associativity="8" cache_type="0">
            <info name="Inclusive" value="0"/>
            <object type="Cache" cpuset="0x00800080" complete_cpuset="0x00800080" online_cpuset="0x00800080" allowed_cpuset="0x00800080" nodeset="0x00000002" complete_nodeset="0x00000002" allowed_nodeset="0x00000002" cache_size="32768" depth="1" cache_linesize="64" cache_associativity="8" cache_type="1">
              <info name="Inclusive" value="0"/>
              <object type="Cache" cpuset="0x00800080" complete_cpuset="0x00800080" online_cpuset="0x00800080" allowed_cpuset="0x00800080" nodeset="0x00000002" complete_nodeset="0x00000002" allowed_nodeset="0x00000002" cache_size="32768" depth="1" cache_linesize="64" cache_associativity="8" cache_type="2">
                <info name="Inclusive" value="0"/>
                <object type="Core" os_index="3" cpuset="0x00800080" complete_cpuset="0x00800080" online_cpuset="0x00800080" allowed_cpuset="0x00800080" nodeset="0x00000002" complete_nodeset="0x00000002" allowed_nodeset="0x00000002">
                  <object type="PU" os_index="7" cpuset="0x00000080" complete_cpuset="0x00000080" online_cpuset="0x00000080" allowed_cpuset="0x00000080" nodeset="0x00000002" complete_nodeset="0x00000002" allowed_nodeset="0x00000002"/>
                  <object type="PU" os_index="23" cpuset="0x00800000" complete_cpuset="0x00800000" online_cpuset="0x00800000" allowed_cpuset="0x00800000" nodeset="0x00000002" complete_nodeset="0x00000002" allowed_nodeset="0x00000002"/>
                </object>
              </object>
            </object>
          </object>
          <object type="Cache" cpuset="0x02000200" complete_cpuset="0x02000200" online_cpuset="0x02000200" allowed_cpuset="0x02000200" nodeset="0x00000002" complete_nodeset="0x00000002" allowed_nodeset="0x00000002" cache_size="262144" depth="2" cache_linesize="64" cache_associativity="8" cache_type="0">
            <info name="Inclusive" value="0"/>
            <object type="Cache" cpuset="0x02000200" complete_cpuset="0x02000200" online_cpuset="0x02000200" allowed_cpuset="0x02000200" nodeset="0x00000002" complete_nodeset="0x00000002" allowed_nodeset="0x00000002" cache_size="32768" depth="1" cache_linesize="64" cache_associativity="8" cache_type="1">
              <info name="Inclusive" value="0"/>
              <object type="Cache" cpuset="0x02000200" complete_cpuset="0x02000200" online_cpuset="0x02000200" allowed_cpuset="0x02000200" nodeset="0x00000002" complete_nodeset="0x00000002" allowed_nodeset="0x00000002" cache_size="32768" depth="1" cache_linesize="64" cache_associativity="8" cache_type="2">
                <info name="Inclusive" value="0"/>
                <object type="Core" os_index="4" cpuset="0x02000200" complete_cpuset="0x02000200" online_cpuset="0x02000200" allowed_cpuset="0x02000200" nodeset="0x00000002" complete_nodeset="0x00000002" allowed_nodeset="0x00000002">
                  <object type="PU" os_index="9" cpuset="0x00000200" complete_cpuset="0x00000200" online_cpuset="0x00000200" allowed_cpuset="0x00000200" nodeset="0x00000002" complete_nodeset="0x00000002" allowed_nodeset="0x00000002"/>
                  <object type="PU" os_index="25" cpuset="0x02000000" complete_cpuset="0x02000000" online_cpuset="0x02000000" allowed_cpuset="0x02000000" nodeset="0x00000002" complete_nodeset="0x00000002" allowed_nodeset="0x00000002"/>
                </object>
              </object>
            </object>
          </object>
          <object type="Cache" cpuset="0x08000800" complete_cpuset="0x08000800" online_cpuset="0x08000800" allowed_cpuset="0x08000800" nodeset="0x00000002" complete_nodeset="0x00000002" allowed_nodeset="0x00000002" cache_size="262144" depth="2" cache_linesize="64" cache_associativity="8" cache_type="0">
            <info name="Inclusive" value="0"/>
            <object type="Cache" cpuset="0x08000800" complete_cpuset="0x08000800" online_cpuset="0x08000800" allowed_cpuset="0x08000800" nodeset="0x00000002" complete_nodeset="0x00000002" allowed_nodeset="0x00000002" cache_size="32768" depth="1" cache_linesize="64" cache_associativity="8" cache_type="1">
              <info name="Inclusive" value="0"/>
              <object type="Cache" cpuset="0x08000800" complete_cpuset="0x08000800" online_cpuset="0x08000800" allowed_cpuset="0x08000800" nodeset="0x00000002" complete_nodeset="0x00000002" allowed_nodeset="0x00000002" cache_size="32768" depth="1" cache_linesize="64" cache_associativity="8" cache_type="2">
                <info name="Inclusive" value="0"/>
                <object type="Core" os_index="5" cpuset="0x08000800" complete_cpuset="0x08000800" online_cpuset="0x08000800" allowed_cpuset="0x08000800" nodeset="0x00000002" complete_nodeset="0x00000002" allowed_nodeset="0x00000002">
                  <object type="PU" os_index="11" cpuset="0x00000800" complete_cpuset="0x00000800" online_cpuset="0x00000800" allowed_cpuset="0x00000800" nodeset="0x00000002" complete_nodeset="0x00000002" allowed_nodeset="0x00000002"/>
                  <object type="PU" os_index="27" cpuset="0x08000000" complete_cpuset="0x08000000" online_cpuset="0x08000000" allowed_cpuset="0x08000000" nodeset="0x00000002" complete_nodeset="0x00000002" allowed_nodeset="0x00000002"/>
                </object>
              </object>
            </object>
          </object>
          <object type="Cache" cpuset="0x20002000" complete_cpuset="0x20002000" online_cpuset="0x20002000" allowed_cpuset="0x20002000" nodeset="0x00000002" complete_nodeset="0x00000002" allowed_nodeset="0x00000002" cache_size="262144" depth="2" cache_linesize="64" cache_associativity="8" cache_type="0">
            <info name="Inclusive" value="0"/>
            <object type="Cache" cpuset="0x20002000" complete_cpuset="0x20002000" online_cpuset="0x20002000" allowed_cpuset="0x20002000" nodeset="0x00000002" complete_nodeset="0x00000002" allowed_nodeset="0x00000002" cache_size="32768" depth="1" cache_linesize="64" cache_associativity="8" cache_type="1">
              <info name="Inclusive" value="0"/>
              <object type="Cache" cpuset="0x20002000" complete_cpuset="0x20002000" online_cpuset="0x20002000" allowed_cpuset="0x20002000" nodeset="0x00000002" complete_nodeset="0x00000002" allowed_nodeset="0x00000002" cache_size="32768" depth="1" cache_linesize="64" cache_associativity="8" cache_type="2">
                <info name="Inclusive" value="0"/>
                <object type="Core" os_index="6" cpuset="0x20002000" complete_cpuset="0x20002000" online_cpuset="0x20002000" allowed_cpuset="0x20002000" nodeset="0x00000002" complete_nodeset="0x00000002" allowed_nodeset="0x00000002">
                  <object type="PU" os_index="13" cpuset="0x00002000" complete_cpuset="0x00002000" online_cpuset="0x00002000" allowed_cpuset="0x00002000" nodeset="0x00000002" complete_nodeset="0x00000002" allowed_nodeset="0x00000002"/>
                  <object type="PU" os_index="29" cpuset="0x20000000" complete_cpuset="0x20000000" online_cpuset="0x20000000" allowed_cpuset="0x20000000" nodeset="0x00000002" complete_nodeset="0x00000002" allowed_nodeset="0x00000002"/>
                </object>
              </object>
            </object>
          </object>
          <object type="Cache" cpuset="0x80008000" complete_cpuset="0x80008000" online_cpuset="0x80008000" allowed_cpuset="0x80008000" nodeset="0x00000002" complete_nodeset="0x00000002" allowed_nodeset="0x00000002" cache_size="262144" depth="2" cache_linesize="64" cache_associativity="8" cache_type="0">
            <info name="Inclusive" value="0"/>
            <object type="Cache" cpuset="0x80008000" complete_cpuset="0x80008000" online_cpuset="0x80008000" allowed_cpuset="0x80008000" nodeset="0x00000002" complete_nodeset="0x00000002" allowed_nodeset="0x00000002" cache_size="32768" depth="1" cache_linesize="64" cache_associativity="8" cache_type="1">
              <info name="Inclusive" value="0"/>
              <object type="Cache" cpuset="0x80008000" complete_cpuset="0x80008000" online_cpuset="0x80008000" allowed_cpuset="0x80008000" nodeset="0x00000002" complete_nodeset="0x00000002" allowed_nodeset="0x00000002" cache_size="32768" depth="1" cache_linesize="64" cache_associativity="8" cache_type="2">
                <info name="Inclusive" value="0"/>
                <object type="Core" os_index="7" cpuset="0x80008000" complete_cpuset="0x80008000" online_cpuset="0x80008000" allowed_cpuset="0x80008000" nodeset="0x00000002" complete_nodeset="0x00000002" allowed_nodeset="0x00000002">
                  <object type="PU" os_index="15" cpuset="0x00008000" complete_cpuset="0x00008000" online_cpuset="0x00008000" allowed_cpuset="0x00008000" nodeset="0x00000002" complete_nodeset="0x00000002" allowed_nodeset="0x00000002"/>
                  <object type="PU" os_index="31" cpuset="0x80000000" complete_cpuset="0x80000000" online_cpuset="0x80000000" allowed_cpuset="0x80000000" nodeset="0x00000002" complete_nodeset="0x00000002" allowed_nodeset="0x00000002"/>
                </object>
              </object>
            </object>
          </object>
        </object>
      </object>
    </object>
    <object type="Misc" os_index="0">
      <info name="Type" value="MemoryModule"/>
      <info name="DeviceLocation" value="A1"/>
      <info name="Vendor" value="00CE00B300CE"/>
      <info name="SerialNumber" value="39D3C298"/>
      <info name="AssetTag" value="00145230"/>
      <info name="PartNumber" value="M393A2G40DB0-CPB  "/>
    </object>
    <object type="Misc" os_index="1">
      <info name="Type" value="MemoryModule"/>
      <info name="DeviceLocation" value="A2"/>
      <info name="Vendor" value="00CE00B300CE"/>
      <info name="SerialNumber" value="39D3C36A"/>
      <info name="AssetTag" value="00145230"/>
      <info name="PartNumber" value="M393A2G40DB0-CPB  "/>
    </object>
    <object type="Misc" os_index="2">
      <info name="Type" value="MemoryModule"/>
      <info name="DeviceLocation" value="A3"/>
      <info name="Vendor" value="00CE00B300CE"/>
      <info name="SerialNumber" value="39D3C29B"/>
      <info name="AssetTag" value="00145230"/>
      <info name="PartNumber" value="M393A2G40DB0-CPB  "/>
    </object>
    <object type="Misc" os_index="3">
      <info name="Type" value="MemoryModule"/>
      <info name="DeviceLocation" value="A4"/>
      <info name="Vendor" value="00CE00B300CE"/>
      <info name="SerialNumber" value="39D3C293"/>
      <info name="AssetTag" value="00145230"/>
      <info name="PartNumber" value="M393A2G40DB0-CPB  "/>
    </object>
    <object type="Misc" os_index="12">
      <info name="Type" value="MemoryModule"/>
      <info name="DeviceLocation" value="B1"/>
      <info name="Vendor" value="00CE00B300CE"/>
      <info name="SerialNumber" value="39D3C428"/>
      <info name="AssetTag" value="00145230"/>
      <info name="PartNumber" value="M393A2G40DB0-CPB  "/>
    </object>
    <object type="Misc" os_index="13">
      <info name="Type" value="MemoryModule"/>
      <info name="DeviceLocation" value="B2"/>
      <info name="Vendor" value="00CE00B300CE"/>
      <info name="SerialNumber" value="39D3C42B"/>
      <info name="AssetTag" value="00145230"/>
      <info name="PartNumber" value="M393A2G40DB0-CPB  "/>
    </object>
    <object type="Misc" os_index="14">
      <info name="Type" value="MemoryModule"/>
      <info name="DeviceLocation" value="B3"/>
      <info name="Vendor" value="00CE00B300CE"/>
      <info name="SerialNumber" value="39D3C332"/>
      <info name="AssetTag" value="00145230"/>
      <info name="PartNumber" value="M393A2G40DB0-CPB  "/>
    </object>
    <object type="Misc" os_index="15">
      <info name="Type" value="MemoryModule"/>
      <info name="DeviceLocation" value="B4"/>
      <info name="Vendor" value="00CE00B300CE"/>
      <info name="SerialNumber" value="39D3C476"/>
      <info name="AssetTag" value="00145230"/>
      <info name="PartNumber" value="M393A2G40DB0-CPB  "/>
    </object>
  </object>
</topology>
